Rate,TagName,MonthAsked,YearAsked
452,.net,8,2008
1214,.net,11,2008
1735,.net,4,2009
2179,.net,7,2009
2152,.net,10,2009
2825,.net,3,2010
2527,.net,6,2010
2737,.net,9,2010
2640,.net,12,2010
3265,.net,2,2011
3578,.net,5,2011
3365,.net,8,2011
3006,.net,11,2011
3159,.net,1,2012
2910,.net,4,2012
3247,.net,7,2012
3173,.net,10,2012
3307,.net,3,2013
3116,.net,6,2013
2734,.net,9,2013
2948,.net,2,2014
934,asp.net,11,2008
2067,asp.net,10,2009
2598,asp.net,9,2010
2700,asp.net,12,2010
3827,asp.net,8,2011
3664,asp.net,11,2011
4004,asp.net,7,2012
4144,asp.net,10,2012
4343,asp.net,6,2013
4515,asp.net,9,2013
4355,asp.net,12,2013
2057,c,12,2011
3268,c,11,2012
4548,c,10,2013
511,c#,8,2008
2398,c#,1,2009
3343,c#,4,2009
4429,c#,7,2009
6106,c#,3,2010
6232,c#,6,2010
8372,c#,2,2011
10200,c#,5,2011
10652,c#,1,2012
11395,c#,4,2012
15506,c#,3,2013
17706,c#,2,2014
1065,c++,3,2009
1277,c++,6,2009
2301,c++,2,2010
2435,c++,5,2010
3570,c++,1,2011
4265,c++,4,2011
5352,c++,3,2012
6294,c++,2,2013
8307,c++,1,2014
951,javascript,2,2009
1444,javascript,5,2009
2624,javascript,1,2010
3037,javascript,4,2010
6886,javascript,3,2011
10181,javascript,2,2012
14143,javascript,1,2013
288,objective-c,3,2009
487,objective-c,6,2009
1009,objective-c,2,2010
1309,objective-c,5,2010
2204,objective-c,1,2011
3319,objective-c,4,2011
3884,objective-c,3,2012
4024,objective-c,2,2013
4800,objective-c,1,2014
629,php,10,2008
2288,php,9,2009
2873,php,12,2009
5261,php,8,2010
5258,php,11,2010
8928,php,7,2011
8304,php,10,2011
10974,php,6,2012
11366,php,9,2012
11535,php,12,2012
14517,php,5,2013
15848,php,8,2013
17027,php,11,2013
291,ruby,2,2009
694,ruby,1,2010
250,vb.net,1,2009
383,vb.net,4,2009
682,vb.net,3,2010
843,vb.net,2,2011
1031,vb.net,1,2012
2555,.net,12,2013
3411,asp.net,12,2011
3777,asp.net,11,2012
5032,asp.net,10,2013
56,asp.net-mvc,8,2008
345,asp.net-mvc,1,2009
569,asp.net-mvc,4,2009
755,asp.net-mvc,7,2009
999,asp.net-mvc,3,2010
868,asp.net-mvc,6,2010
1136,asp.net-mvc,2,2011
1025,asp.net-mvc,5,2011
1055,asp.net-mvc,1,2012
1348,asp.net-mvc,4,2012
2249,asp.net-mvc,3,2013
2536,asp.net-mvc,2,2014
1493,c,12,2010
2263,c,11,2011
3246,c,10,2012
3620,c,9,2013
3736,c,12,2013
1731,c#,11,2008
4762,c#,10,2009
6515,c#,9,2010
7234,c#,12,2010
10267,c#,8,2011
10078,c#,11,2011
12650,c#,7,2012
13032,c#,10,2012
14035,c#,6,2013
15277,c#,9,2013
15071,c#,12,2013
819,c++,10,2008
1482,c++,9,2009
1680,c++,12,2009
2700,c++,8,2010
3429,c++,11,2010
3922,c++,7,2011
4435,c++,10,2011
4773,c++,6,2012
5037,c++,9,2012
5837,c++,12,2012
7278,c++,5,2013
6615,c++,8,2013
8758,c++,11,2013
19823,javascript,12,2013
203,objective-c,2,2009
991,objective-c,1,2010
503,php,9,2008
484,php,12,2008
1207,php,5,2009
2210,php,8,2009
2721,php,11,2009
3698,php,4,2010
4710,php,7,2010
4624,php,10,2010
8347,php,3,2011
8230,php,6,2011
8344,php,9,2011
8610,php,12,2011
10253,php,2,2012
11365,php,5,2012
12392,php,8,2012
12307,php,11,2012
13419,php,1,2013
14826,php,4,2013
15823,php,7,2013
17375,php,10,2013
640,php,3,2014
5855,python,12,2012
10177,python,11,2013
214,vb.net,9,2008
287,vb.net,2,2009
434,vb.net,5,2009
558,vb.net,8,2009
545,vb.net,1,2010
612,vb.net,4,2010
700,vb.net,7,2010
920,vb.net,3,2011
920,vb.net,6,2011
1109,vb.net,2,2012
1109,vb.net,5,2012
1400,vb.net,1,2013
1823,vb.net,4,2013
67,vb.net,3,2014
1563,.net,9,2008
1151,.net,12,2008
2139,.net,8,2009
2040,.net,11,2009
2643,.net,7,2010
2579,.net,10,2010
3483,.net,6,2011
3142,.net,9,2011
2850,.net,12,2011
3230,.net,5,2012
3081,.net,8,2012
3147,.net,11,2012
3235,.net,4,2013
3341,.net,7,2013
3168,.net,10,2013
74,.net,3,2014
940,asp.net,10,2008
1696,asp.net,6,2009
1893,asp.net,9,2009
1933,asp.net,12,2009
2501,asp.net,5,2010
2813,asp.net,8,2010
2705,asp.net,11,2010
3936,asp.net,4,2011
3848,asp.net,7,2011
3485,asp.net,10,2011
4060,asp.net,3,2012
3837,asp.net,6,2012
3693,asp.net,9,2012
3480,asp.net,12,2012
4019,asp.net,2,2013
4633,asp.net,5,2013
4413,asp.net,8,2013
4665,asp.net,11,2013
4994,asp.net,1,2014
1656,c#,9,2008
1607,c#,12,2008
2620,c#,2,2009
3573,c#,5,2009
4481,c#,8,2009
4716,c#,11,2009
5168,c#,1,2010
5856,c#,4,2010
6796,c#,7,2010
6857,c#,10,2010
10156,c#,3,2011
9949,c#,6,2011
9483,c#,9,2011
10969,c#,2,2012
11856,c#,5,2012
12244,c#,8,2012
13145,c#,1,2013
15172,c#,4,2013
15470,c#,7,2013
435,c#,3,2014
166,c++,8,2008
749,c++,11,2008
870,c++,1,2009
1044,c++,4,2009
1485,c++,7,2009
1710,c++,10,2009
2470,c++,3,2010
2872,c++,6,2010
2792,c++,9,2010
3519,c++,2,2011
3993,c++,5,2011
4030,c++,8,2011
4666,c++,1,2012
5442,c++,4,2012
5433,c++,7,2012
7617,c++,3,2013
6617,c++,6,2013
8686,c++,2,2014
1236,java,2,2009
3781,java,1,2010
794,javascript,1,2009
20,objective-c,8,2008
108,objective-c,11,2008
138,objective-c,1,2009
354,objective-c,4,2009
682,objective-c,7,2009
745,objective-c,10,2009
1118,objective-c,3,2010
1444,objective-c,6,2010
1675,objective-c,9,2010
2478,objective-c,2,2011
3557,objective-c,5,2011
3906,objective-c,8,2011
3829,objective-c,1,2012
3988,objective-c,4,2012
4395,objective-c,7,2012
4737,objective-c,3,2013
3622,objective-c,6,2013
5179,objective-c,2,2014
5540,php,12,2010
8969,php,11,2011
12247,php,10,2012
15954,php,9,2013
16279,php,12,2013
767,python,3,2009
1870,python,2,2010
2943,python,1,2011
334,ruby,3,2009
434,ruby,6,2009
696,ruby,2,2010
786,ruby,5,2010
1219,ruby,1,2011
1486,ruby,4,2011
2235,ruby,3,2012
2291,ruby,2,2013
3004,ruby,1,2014
2011,.net,12,2009
2755,.net,11,2010
2959,.net,10,2011
2970,.net,9,2012
2523,.net,12,2012
3104,.net,8,2013
2908,.net,11,2013
406,asp.net-mvc,3,2009
986,asp.net-mvc,2,2010
1204,asp.net-mvc,1,2011
305,c,10,2008
582,c,9,2009
870,c,12,2009
1400,c,8,2010
1695,c,11,2010
1699,c,7,2011
2184,c,10,2011
2383,c,6,2012
2608,c,9,2012
2644,c,12,2012
3386,c,5,2013
3169,c,8,2013
4571,c,11,2013
3,c#,7,2008
1990,c#,10,2008
3904,c#,6,2009
4380,c#,9,2009
4527,c#,12,2009
6034,c#,5,2010
7112,c#,8,2010
7435,c#,11,2010
9445,c#,4,2011
9819,c#,7,2011
9390,c#,10,2011
11906,c#,3,2012
11580,c#,6,2012
11522,c#,9,2012
11234,c#,12,2012
12890,c#,2,2013
14666,c#,5,2013
15055,c#,8,2013
16261,c#,11,2013
17092,c#,1,2014
784,c++,9,2008
642,c++,12,2008
1246,c++,5,2009
1439,c++,8,2009
1782,c++,11,2009
2522,c++,4,2010
2722,c++,7,2010
2997,c++,10,2010
4252,c++,3,2011
3910,c++,6,2011
4008,c++,9,2011
5215,c++,2,2012
5121,c++,5,2012
5298,c++,8,2012
6213,c++,1,2013
7561,c++,4,2013
6989,c++,7,2013
288,c++,3,2014
5812,java,12,2010
9823,java,11,2011
13883,java,10,2012
17981,java,9,2013
19261,java,12,2013
166,php,8,2008
516,php,11,2008
658,php,1,2009
983,php,4,2009
2052,php,7,2009
2396,php,10,2009
3800,php,3,2010
4173,php,6,2010
4807,php,9,2010
6876,php,2,2011
8289,php,5,2011
9203,php,8,2011
9625,php,1,2012
10804,php,4,2012
12191,php,7,2012
15615,php,3,2013
14006,php,6,2013
20158,php,2,2014
3686,python,12,2011
6517,python,11,2012
10099,python,10,2013
243,vb.net,10,2008
393,vb.net,3,2009
438,vb.net,6,2009
486,vb.net,9,2009
505,vb.net,12,2009
614,vb.net,2,2010
559,vb.net,5,2010
642,vb.net,8,2010
732,vb.net,11,2010
865,vb.net,1,2011
1024,vb.net,4,2011
918,vb.net,7,2011
919,vb.net,10,2011
1082,vb.net,3,2012
940,vb.net,6,2012
1164,vb.net,9,2012
1390,vb.net,2,2013
1601,vb.net,5,2013
1823,vb.net,8,2013
2074,vb.net,1,2014
1527,asp.net,3,2009
2201,asp.net,2,2010
3154,asp.net,1,2011
146,asp.net-mvc,9,2008
274,asp.net-mvc,12,2008
357,asp.net-mvc,2,2009
623,asp.net-mvc,5,2009
759,asp.net-mvc,8,2009
853,asp.net-mvc,11,2009
1073,asp.net-mvc,1,2010
927,asp.net-mvc,4,2010
810,asp.net-mvc,7,2010
806,asp.net-mvc,10,2010
1251,asp.net-mvc,3,2011
1052,asp.net-mvc,6,2011
1068,asp.net-mvc,9,2011
1174,asp.net-mvc,2,2012
1349,asp.net-mvc,5,2012
1512,asp.net-mvc,8,2012
1732,asp.net-mvc,1,2013
2255,asp.net-mvc,4,2013
2160,asp.net-mvc,7,2013
53,asp.net-mvc,3,2014
90,c,8,2008
263,c,11,2008
324,c,1,2009
468,c,4,2009
552,c,7,2009
783,c,10,2009
1133,c,3,2010
1185,c,6,2010
1415,c,9,2010
1670,c,2,2011
1886,c,5,2011
1868,c,8,2011
2268,c,1,2012
2731,c,4,2012
2440,c,7,2012
3621,c,3,2013
3115,c,6,2013
4430,c,2,2014
9510,c#,12,2011
12515,c#,11,2012
16737,c#,10,2013
3187,c++,12,2010
4586,c++,11,2011
6052,c++,10,2012
6979,c++,9,2013
7516,c++,12,2013
1171,java,9,2008
850,java,12,2008
1853,java,5,2009
2227,java,8,2009
2790,java,11,2009
3948,java,4,2010
4606,java,7,2010
5142,java,10,2010
8692,java,3,2011
8119,java,6,2011
8530,java,9,2011
9405,java,12,2011
11255,java,2,2012
12523,java,5,2012
12559,java,8,2012
14028,java,11,2012
14145,java,1,2013
17856,java,4,2013
16679,java,7,2013
20768,java,10,2013
645,java,3,2014
2308,javascript,12,2009
4633,javascript,11,2010
8164,javascript,10,2011
11388,javascript,9,2012
11996,javascript,12,2012
18367,javascript,8,2013
20638,javascript,11,2013
1865,objective-c,12,2010
3642,objective-c,11,2011
4188,objective-c,10,2012
4291,objective-c,9,2013
4361,objective-c,12,2013
785,php,2,2009
3490,php,1,2010
521,python,10,2008
1048,python,6,2009
1179,python,9,2009
1602,python,12,2009
2034,python,5,2010
2521,python,8,2010
2647,python,11,2010
3398,python,4,2011
3724,python,7,2011
3671,python,10,2011
5114,python,3,2012
5332,python,6,2012
5346,python,9,2012
6879,python,2,2013
8277,python,5,2013
8424,python,8,2013
10658,python,1,2014
256,ruby,10,2008
483,ruby,9,2009
579,ruby,12,2009
1013,ruby,8,2010
943,ruby,11,2010
1606,ruby,7,2011
1629,ruby,10,2011
1916,ruby,6,2012
1984,ruby,9,2012
1942,ruby,12,2012
2463,ruby,5,2013
2681,ruby,8,2013
2789,ruby,11,2013
215,vb.net,12,2008
457,vb.net,11,2009
647,vb.net,10,2010
880,vb.net,9,2011
891,vb.net,12,2011
1150,vb.net,8,2012
1350,vb.net,11,2012
1866,vb.net,7,2013
2107,vb.net,10,2013
1545,.net,1,2009
194,asp.net-mvc,10,2008
706,asp.net-mvc,6,2009
814,asp.net-mvc,9,2009
730,asp.net-mvc,12,2009
1019,asp.net-mvc,5,2010
865,asp.net-mvc,8,2010
994,asp.net-mvc,11,2010
974,asp.net-mvc,4,2011
1034,asp.net-mvc,7,2011
1017,asp.net-mvc,10,2011
1304,asp.net-mvc,3,2012
1282,asp.net-mvc,6,2012
1500,asp.net-mvc,9,2012
1489,asp.net-mvc,12,2012
1895,asp.net-mvc,2,2013
2197,asp.net-mvc,5,2013
2084,asp.net-mvc,8,2013
2167,asp.net-mvc,11,2013
2545,asp.net-mvc,1,2014
343,c,9,2008
191,c,12,2008
486,c,5,2009
537,c,8,2009
981,c,11,2009
1201,c,4,2010
1310,c,7,2010
1479,c,10,2010
2139,c,3,2011
1819,c,6,2011
1960,c,9,2011
2453,c,2,2012
2545,c,5,2012
2373,c,8,2012
2987,c,1,2013
3735,c,4,2013
3191,c,7,2013
175,c,3,2014
4463,c++,12,2011
6441,c++,11,2012
8639,c++,10,2013
1166,java,10,2008
2287,java,9,2009
2717,java,12,2009
4819,java,8,2010
5710,java,11,2010
8341,java,7,2011
8729,java,10,2011
11381,java,6,2012
11933,java,9,2012
12810,java,12,2012
16753,java,5,2013
16436,java,8,2013
20809,java,11,2013
641,javascript,9,2008
632,javascript,12,2008
1865,javascript,8,2009
2238,javascript,11,2009
3917,javascript,7,2010
4186,javascript,10,2010
7801,javascript,6,2011
8332,javascript,9,2011
8456,javascript,12,2011
11766,javascript,5,2012
12681,javascript,8,2012
12627,javascript,11,2012
16741,javascript,4,2013
18376,javascript,7,2013
21868,javascript,10,2013
633,javascript,3,2014
917,php,3,2009
1595,php,6,2009
3208,php,2,2010
4043,php,5,2010
6589,php,1,2011
7882,php,4,2011
11269,php,3,2012
13195,php,2,2013
19320,php,1,2014
462,python,11,2008
1439,python,10,2009
2287,python,9,2010
2529,python,12,2010
3873,python,8,2011
3917,python,11,2011
5825,python,7,2012
6233,python,10,2012
8009,python,6,2013
8520,python,9,2013
9018,python,12,2013
1036,ruby,12,2010
1764,ruby,11,2011
2304,ruby,10,2012
2582,ruby,9,2013
2625,ruby,12,2013
64,vb.net,8,2008
224,vb.net,11,2008
449,vb.net,7,2009
432,vb.net,10,2009
561,vb.net,6,2010
609,vb.net,9,2010
645,vb.net,12,2010
953,vb.net,5,2011
942,vb.net,8,2011
891,vb.net,11,2011
1029,vb.net,4,2012
1061,vb.net,7,2012
1271,vb.net,10,2012
1662,vb.net,3,2013
1587,vb.net,6,2013
1807,vb.net,9,2013
1787,vb.net,12,2013
2170,vb.net,2,2014
1632,.net,2,2009
1967,.net,5,2009
2364,.net,1,2010
2544,.net,4,2010
3766,.net,3,2011
3156,.net,2,2012
3129,.net,1,2013
841,asp.net,9,2008
859,asp.net,12,2008
1193,asp.net,2,2009
1585,asp.net,5,2009
1871,asp.net,8,2009
2097,asp.net,11,2009
2252,asp.net,1,2010
2345,asp.net,4,2010
2681,asp.net,7,2010
2597,asp.net,10,2010
4003,asp.net,3,2011
3786,asp.net,6,2011
3528,asp.net,9,2011
3808,asp.net,2,2012
3921,asp.net,5,2012
3950,asp.net,8,2012
4055,asp.net,1,2013
4905,asp.net,4,2013
4850,asp.net,7,2013
111,asp.net,3,2014
279,asp.net-mvc,11,2008
802,asp.net-mvc,10,2009
884,asp.net-mvc,9,2010
934,asp.net-mvc,12,2010
1137,asp.net-mvc,8,2011
1060,asp.net-mvc,11,2011
1476,asp.net-mvc,7,2012
1687,asp.net-mvc,10,2012
1894,asp.net-mvc,6,2013
2052,asp.net-mvc,9,2013
2148,asp.net-mvc,12,2013
336,c,2,2009
996,c,1,2010
1460,java,3,2009
2135,java,6,2009
3640,java,2,2010
4219,java,5,2010
6689,java,1,2011
8071,java,4,2011
12748,java,3,2012
14250,java,2,2013
20824,java,1,2014
164,javascript,8,2008
580,javascript,11,2008
1054,javascript,4,2009
1757,javascript,7,2009
2041,javascript,10,2009
2992,javascript,3,2010
3507,javascript,6,2010
4082,javascript,9,2010
5039,javascript,12,2010
5693,javascript,2,2011
7417,javascript,5,2011
9058,javascript,8,2011
8833,javascript,11,2011
9770,javascript,1,2012
10924,javascript,4,2012
12607,javascript,7,2012
12662,javascript,10,2012
16655,javascript,3,2013
15943,javascript,6,2013
19499,javascript,9,2013
24668,javascript,2,2014
53,objective-c,9,2008
117,objective-c,12,2008
496,objective-c,5,2009
695,objective-c,8,2009
753,objective-c,11,2009
1158,objective-c,4,2010
1960,objective-c,7,2010
1764,objective-c,10,2010
3101,objective-c,3,2011
3407,objective-c,6,2011
3334,objective-c,9,2011
3370,objective-c,12,2011
3928,objective-c,2,2012
3951,objective-c,5,2012
4295,objective-c,8,2012
3912,objective-c,11,2012
4180,objective-c,1,2013
4371,objective-c,4,2013
4067,objective-c,7,2013
4846,objective-c,10,2013
137,objective-c,3,2014
132,python,8,2008
647,python,1,2009
772,python,4,2009
1175,python,7,2009
2083,python,3,2010
2245,python,6,2010
3059,python,2,2011
3571,python,5,2011
4250,python,1,2012
4990,python,4,2012
8068,python,3,2013
11147,python,2,2014
77,ruby,8,2008
161,ruby,11,2008
217,ruby,1,2009
361,ruby,4,2009
504,ruby,7,2009
496,ruby,10,2009
698,ruby,3,2010
871,ruby,6,2010
956,ruby,9,2010
1264,ruby,2,2011
1580,ruby,5,2011
1896,ruby,8,2011
1937,ruby,1,2012
2008,ruby,4,2012
2093,ruby,7,2012
2718,ruby,3,2013
2367,ruby,6,2013
2932,ruby,2,2014
1,.net,7,2008
1582,.net,10,2008
1794,.net,3,2009
1983,.net,6,2009
2003,.net,9,2009
2412,.net,2,2010
2525,.net,5,2010
2778,.net,8,2010
3131,.net,1,2011
3461,.net,4,2011
3464,.net,7,2011
3303,.net,3,2012
3103,.net,6,2012
2867,.net,2,2013
3023,.net,5,2013
3060,.net,1,2014
259,asp.net,8,2008
1049,asp.net,1,2009
1501,asp.net,4,2009
1956,asp.net,7,2009
2564,asp.net,3,2010
2499,asp.net,6,2010
3253,asp.net,2,2011
3951,asp.net,5,2011
3758,asp.net,1,2012
3832,asp.net,4,2012
4841,asp.net,3,2013
5142,asp.net,2,2014
964,asp.net-mvc,12,2011
1705,asp.net-mvc,11,2012
2089,asp.net-mvc,10,2013
438,c,3,2009
511,c,6,2009
1048,c,2,2010
1201,c,5,2010
1498,c,1,2011
2083,c,4,2011
2804,c,3,2012
3196,c,2,2013
3987,c,1,2014
3178,c#,3,2009
5168,c#,2,2010
8129,c#,1,2011
867,c++,2,2009
2017,c++,1,2010
231,java,8,2008
969,java,11,2008
1174,java,1,2009
1567,java,4,2009
2312,java,7,2009
2530,java,10,2009
4511,java,3,2010
4366,java,6,2010
4811,java,9,2010
7044,java,2,2011
8768,java,5,2011
8876,java,8,2011
10372,java,1,2012
12381,java,4,2012
12577,java,7,2012
17284,java,3,2013
15236,java,6,2013
22784,java,2,2014
721,javascript,10,2008
1015,javascript,3,2009
1557,javascript,6,2009
1749,javascript,9,2009
2655,javascript,2,2010
3243,javascript,5,2010
4069,javascript,8,2010
5518,javascript,1,2011
7050,javascript,4,2011
8209,javascript,7,2011
10934,javascript,3,2012
11473,javascript,6,2012
14128,javascript,2,2013
16345,javascript,5,2013
23567,javascript,1,2014
94,objective-c,10,2008
685,objective-c,9,2009
786,objective-c,12,2009
1901,objective-c,8,2010
1854,objective-c,11,2010
3800,objective-c,7,2011
3325,objective-c,10,2011
3870,objective-c,6,2012
3447,objective-c,9,2012
3788,objective-c,12,2012
4081,objective-c,5,2013
3814,objective-c,8,2013
4408,objective-c,11,2013
556,python,9,2008
449,python,12,2008
646,python,2,2009
1003,python,5,2009
1148,python,8,2009
1579,python,11,2009
1973,python,1,2010
1835,python,4,2010
2650,python,7,2010
2704,python,10,2010
3798,python,3,2011
3506,python,6,2011
3566,python,9,2011
4542,python,2,2012
5173,python,5,2012
5932,python,8,2012
6690,python,1,2013
8443,python,4,2013
9106,python,7,2013
342,python,3,2014
296,ruby,9,2008
164,ruby,12,2008
412,ruby,5,2009
490,ruby,8,2009
662,ruby,11,2009
757,ruby,4,2010
923,ruby,7,2010
936,ruby,10,2010
1657,ruby,3,2011
1574,ruby,6,2011
1575,ruby,9,2011
1725,ruby,12,2011
2068,ruby,2,2012
2022,ruby,5,2012
2107,ruby,8,2012
2163,ruby,11,2012
2352,ruby,1,2013
2643,ruby,4,2013
2626,ruby,7,2013
2979,ruby,10,2013
72,ruby,3,2014
1154,vb.net,12,2012
1897,vb.net,11,2013
